,original_glcm_Autocorrelation,original_glcm_ClusterProminence,original_glcm_ClusterShade,original_glcm_ClusterTendency,original_glcm_Contrast,original_glcm_Correlation,original_glcm_DifferenceAverage,original_glcm_DifferenceEntropy,original_glcm_DifferenceVariance,original_glcm_Id,original_glcm_Idm,original_glcm_Idmn,original_glcm_Idn,original_glcm_Imc1,original_glcm_Imc2,original_glcm_InverseVariance,original_glcm_JointAverage,original_glcm_JointEnergy,original_glcm_JointEntropy,original_glcm_MCC,original_glcm_MaximumProbability,original_glcm_SumAverage,original_glcm_SumEntropy,original_glcm_SumSquares,y
0,1.0,0.0,0.0,0.0,0.0,1.0,0.0,-3.2034265038149176e-16,0.0,1.0,1.0,1.0,1.0,0.0,0.0,0.0,1.0,1.0,-3.2034265038149176e-16,1.0,1.0,2.0,-3.2034265038149176e-16,0.0,0
1,276.38966398485843,8519.291191830254,-236.3941847760704,57.27744110537677,23.2096075258524,0.4115449626727731,3.588746641780082,3.219320961120716,8.666040869173871,0.3645669555775592,0.2820656097475647,0.964392000845158,0.8806892420415271,-0.1381552576335057,0.740591027313151,0.2682404516660287,16.36330590831144,0.0081510508312151,7.478331769963301,0.4765566631963391,0.0263936681924588,32.72661181662288,4.767018864851086,20.121762157807293,0
2,1.0,0.0,0.0,0.0,0.0,1.0,0.0,-3.2034265038149176e-16,0.0,1.0,1.0,1.0,1.0,0.0,0.0,0.0,1.0,1.0,-3.2034265038149176e-16,1.0,1.0,2.0,-3.2034265038149176e-16,0.0,0
3,106.20622203761748,239.1477633353481,-22.500014227811064,6.4242655833354245,2.893221665367049,0.3718375127686502,1.1634995391773335,2.0349860119831886,1.5201846937711392,0.6027468148187064,0.5648166189833578,0.98630894434846,0.9288036716805316,-0.0680883613614367,0.4935770260452441,0.4476345136476988,10.26256244984238,0.0699747775629001,4.655312808208342,0.4114302940432879,0.1808154001454435,20.52512489968475,3.167032947989634,2.329371812175618,0
4,1.0,0.0,0.0,0.0,0.0,1.0,0.0,-3.2034265038149176e-16,0.0,1.0,1.0,1.0,1.0,0.0,0.0,0.0,1.0,1.0,-3.2034265038149176e-16,1.0,1.0,2.0,-3.2034265038149176e-16,0.0,0
5,251.7086264942613,9867.057657372248,-128.00418031817668,59.3223943015757,26.595797889881933,0.3823782950500429,3.9402871642246873,3.381655820250334,10.336780050350402,0.3238813861106202,0.2325737063334182,0.9598408120405236,0.8699662822562755,-0.1558877970461916,0.8481322740934062,0.2442598863058724,15.603545497675642,0.0059402204301475,7.707853861950735,0.5189928108010192,0.0152298863193638,31.207090995351287,4.880116145742963,21.479548047864405,0
6,1.0,0.0,0.0,0.0,0.0,1.0,0.0,-3.2034265038149176e-16,0.0,1.0,1.0,1.0,1.0,0.0,0.0,0.0,1.0,1.0,-3.2034265038149176e-16,1.0,1.0,2.0,-3.2034265038149176e-16,0.0,0
7,264.94384603242986,31098.91222579638,66.7241299730394,125.2648515399056,20.203217423184583,0.7218615356884363,3.4112868900902176,3.2060102301479656,7.681424174294993,0.3580524804909343,0.2711860116346111,0.9762957611582782,0.8985115999692924,-0.162605899910928,0.8456809875792175,0.2714032203506878,15.446905410039063,0.0039626578215546,8.30782339434597,0.7343283105603687,0.0097876709159735,30.893810820078127,5.408859285356423,36.36701724077255,0
8,1.0,0.0,0.0,0.0,0.0,1.0,0.0,-3.2034265038149176e-16,0.0,1.0,1.0,1.0,1.0,0.0,0.0,0.0,1.0,1.0,-3.2034265038149176e-16,1.0,1.0,2.0,-3.2034265038149176e-16,0.0,0
9,271.2795100271244,9420.264681029956,-321.13720677691947,52.58822775925638,25.756794418605125,0.3381053787731395,3.948173904468283,3.374164781675268,9.663092411668767,0.3234121305520477,0.2318355689817074,0.957410632254481,0.8644919257463045,-0.2183494958432725,0.9043875307266224,0.2328568181610394,16.26336310170874,0.0094635925269763,7.023149862687868,0.5826131937088432,0.0257391524111017,32.52672620341748,4.5884746390845885,19.586255544465374,0
10,1.0,0.0,0.0,0.0,0.0,1.0,0.0,-3.2034265038149176e-16,0.0,1.0,1.0,1.0,1.0,0.0,0.0,0.0,1.0,1.0,-3.2034265038149176e-16,1.0,1.0,2.0,-3.2034265038149176e-16,0.0,0
11,725.6704501335087,15370.61532772314,-604.7761535670566,44.7494496253818,18.320585062086863,0.4076137693354479,2.570092993171684,2.9247176493948177,11.52731882814728,0.4954510519033097,0.4424059712453342,0.9832696135761816,0.9314325298361832,-0.128301405989289,0.7238921541949304,0.3736848315374264,26.81450681574068,0.0419737380425292,5.901814277475872,0.5111375499434676,0.1182344959903777,53.62901363148136,4.027257741532999,15.767508671867168,0
12,1.0,0.0,0.0,0.0,0.0,1.0,0.0,-3.2034265038149176e-16,0.0,1.0,1.0,1.0,1.0,0.0,0.0,0.0,1.0,1.0,-3.2034265038149176e-16,1.0,1.0,2.0,-3.2034265038149176e-16,0.0,0
13,159.84742568625026,2219.136652635254,-92.77100198016116,26.406221684602954,18.558782794739138,0.1885119843836135,3.268139224271544,2.995748554880122,6.25937307336064,0.3685119283983397,0.2835230658131573,0.95144694038905,0.8596820317658442,-0.1895869671023965,0.8423336243013051,0.281503765947528,12.565044635732042,0.0146837565307517,6.522002639247977,0.5673181762461411,0.0355523239946818,25.130089271464087,4.206260045484708,11.24125111983552,0
14,1.0,0.0,0.0,0.0,0.0,1.0,0.0,-3.2034265038149176e-16,0.0,1.0,1.0,1.0,1.0,0.0,0.0,0.0,1.0,1.0,-3.2034265038149176e-16,1.0,1.0,2.0,-3.2034265038149176e-16,0.0,0
15,281.3254708789063,10599.059062947628,-339.0283556912591,59.3721125930092,46.54962490661119,0.1259439808761398,5.054977575111896,3.638040299293217,17.618694469830988,0.3282883706135321,0.2505872079444622,0.9297988876757576,0.8398885981653,-0.2107092242282001,0.8872615638075652,0.2192545506000174,16.674536617441454,0.0133781917565082,6.946436986429367,0.5537134981256935,0.0488415469954077,33.34907323488291,4.612929574523751,26.48043437490509,0
16,1.0,0.0,0.0,0.0,0.0,1.0,0.0,-3.2034265038149176e-16,0.0,1.0,1.0,1.0,1.0,0.0,0.0,0.0,1.0,1.0,-3.2034265038149176e-16,1.0,1.0,2.0,-3.2034265038149176e-16,0.0,0
17,525.9400808708644,65772.53537392143,-1589.4799714368455,143.71933888336918,74.33020993933131,0.3107693768833687,6.095272964363891,3.8488399422943593,30.512519377267285,0.310518339157987,0.2363346276985011,0.9495960353211452,0.8684523679720603,-0.1620445702187456,0.8307613019577077,0.2313913008797567,22.54835931380846,0.0063218282043344,8.235055909075319,0.5031051038191431,0.0263133397887757,45.09671862761692,5.2680635573052434,54.51238720567513,0
18,1.0,0.0,0.0,0.0,0.0,1.0,0.0,-3.2034265038149176e-16,0.0,1.0,1.0,1.0,1.0,0.0,0.0,0.0,1.0,1.0,-3.2034265038149176e-16,1.0,1.0,2.0,-3.2034265038149176e-16,0.0,0
19,297.818596112597,13124.919894538947,-473.4104786576555,61.61390705191154,39.01543765547269,0.2268157777008648,4.445971536802393,3.581206498205868,17.57448619012197,0.3812827546354816,0.3085800369123798,0.936075797346544,0.8524297075883205,-0.1814276504937413,0.8360931464453946,0.2126989648809236,17.091371123078854,0.0317477824971992,6.465378908289154,0.5745516742312436,0.1438526137026061,34.1827422461577,4.47665425494086,25.15733617684606,0
20,1.0,0.0,0.0,0.0,0.0,1.0,0.0,-3.2034265038149176e-16,0.0,1.0,1.0,1.0,1.0,0.0,0.0,0.0,1.0,1.0,-3.2034265038149176e-16,1.0,1.0,2.0,-3.2034265038149176e-16,0.0,0
21,405.7527900332669,18269.73475174832,-662.845275941953,70.40674100043744,40.70912855058135,0.241164879083195,4.196399654342496,3.4706132236039227,21.776044577141526,0.4212421328320767,0.3619326059756919,0.948278174575502,0.8762503357137863,-0.1697420668219491,0.8104838613390678,0.2856055219819149,19.953767929063623,0.0353520218973307,6.257876616339326,0.4947858043893672,0.1021406695502714,39.90753585812725,4.368785153251748,27.77896738775469,0
22,1.0,0.0,0.0,0.0,0.0,1.0,0.0,-3.2034265038149176e-16,0.0,1.0,1.0,1.0,1.0,0.0,0.0,0.0,1.0,1.0,-3.2034265038149176e-16,1.0,1.0,2.0,-3.2034265038149176e-16,0.0,0
23,394.0026211008924,2653.086869815885,-126.92209180565894,14.208872994775042,5.848642686660662,0.4139649277416138,1.4624202542329194,2.279481255027351,3.686741151091548,0.5754312399507918,0.5352513972457802,0.9926238542001402,0.9522876592960416,-0.0879468800171608,0.6039025185384591,0.4474844353481213,19.79676021489876,0.0574457091281483,5.216076113860838,0.5623713850835597,0.1248767415345704,39.593520429797536,3.521494170752249,5.014378920358926,0
24,1.0,0.0,0.0,0.0,0.0,1.0,0.0,-3.2034265038149176e-16,0.0,1.0,1.0,1.0,1.0,0.0,0.0,0.0,1.0,1.0,-3.2034265038149176e-16,1.0,1.0,2.0,-3.2034265038149176e-16,0.0,1
25,251.73135112189604,1430.092022064329,-89.50681132473943,12.944622855279157,4.273161956305164,0.4837026047183191,1.3476250627224529,2.1700691061867805,2.328936906544484,0.5843815426290848,0.5441267558470374,0.9916618240675354,0.9460572654615405,-0.1132411380193454,0.5640868823515461,0.4399113997051949,15.797306162314054,0.0616387988475044,5.093478432595869,0.5469797381603276,0.1292194780357256,31.59461232462811,3.4927963900086616,4.304446202896082,1
26,1.0,0.0,0.0,0.0,0.0,1.0,0.0,-3.2034265038149176e-16,0.0,1.0,1.0,1.0,1.0,0.0,0.0,0.0,1.0,1.0,-3.2034265038149176e-16,1.0,1.0,2.0,-3.2034265038149176e-16,0.0,0
27,331.10307248261955,6668.1449280820925,-273.916841000131,42.326803465037486,28.090693203438565,0.2030283753559344,3.820290122972059,3.4447615627412698,12.846578741925814,0.3756220392743549,0.298209307262661,0.9553894903884164,0.8718532060441586,-0.1040940894826254,0.7040597300297123,0.2582412291382327,18.09757949488192,0.0178118079030281,6.765982878757494,0.4144223859120807,0.0670422778385317,36.19515898976383,4.394922463519039,17.604374167119012,0
28,1.0,0.0,0.0,0.0,0.0,1.0,0.0,-3.2034265038149176e-16,0.0,1.0,1.0,1.0,1.0,0.0,0.0,0.0,1.0,1.0,-3.2034265038149176e-16,1.0,1.0,2.0,-3.2034265038149176e-16,0.0,0
29,363.1077253212271,4032.86696804004,-216.92605382239535,20.854250067205133,9.559056457306887,0.3476942807203751,1.7301827349282806,2.455706315830152,6.389754383717099,0.5972723442863879,0.5604226689878613,0.9829580370909832,0.935918706247728,-0.0972278636894298,0.5571689255579334,0.3779217470282888,18.98065601949514,0.0950453515307373,4.878763146399547,0.4433488237566547,0.2513465955440267,37.96131203899029,3.433843785071375,7.603326631128008,0
30,1.0,0.0,0.0,0.0,0.0,1.0,0.0,-3.2034265038149176e-16,0.0,1.0,1.0,1.0,1.0,0.0,0.0,0.0,1.0,1.0,-3.2034265038149176e-16,1.0,1.0,2.0,-3.2034265038149176e-16,0.0,1
31,203.89075063825317,3121.2905934013397,-173.80235857853577,25.007889492590905,6.719605133331774,0.5621783464650801,1.7638598093039295,2.460747650590691,3.347909095093437,0.5238225532810523,0.4700825029510955,0.982989235161956,0.921811503078684,-0.1513851135715079,0.7228351488165546,0.4070872395244634,14.117228168753217,0.0342816948804251,5.852923395709752,0.6108311782678693,0.0839592590524921,28.234456337506437,4.034178221595284,7.931873656480669,1
32,1.0,0.0,0.0,0.0,0.0,1.0,0.0,-3.2034265038149176e-16,0.0,1.0,1.0,1.0,1.0,0.0,0.0,0.0,1.0,1.0,-3.2034265038149176e-16,1.0,1.0,2.0,-3.2034265038149176e-16,0.0,0
33,511.608591575419,82374.8969739767,-2015.296083979396,159.53614975703238,60.89662756752201,0.427773683337214,5.367397476623324,3.704619750103664,27.22203533714948,0.332202911093252,0.2570499828453653,0.9488630268253516,0.8703501423836847,-0.2200849838783145,0.9029715911149008,0.2505716012671907,22.06477299940165,0.0078924138934624,7.779909748475581,0.5896854529415154,0.0304603120654848,44.12954599880329,5.208394169128093,55.108194331138606,0
34,1.0,0.0,0.0,0.0,0.0,1.0,0.0,-3.2034265038149176e-16,0.0,1.0,1.0,1.0,1.0,0.0,0.0,0.0,1.0,1.0,-3.2034265038149176e-16,1.0,1.0,2.0,-3.2034265038149176e-16,0.0,1
35,477.5636438687561,2208.465382242812,-113.86837755147155,10.1750753430289,4.6020814126772285,0.3452021648461283,1.1107496977376898,1.9262293852048615,3.286930627880241,0.6560422767863587,0.6331633303085105,0.9934869625364894,0.9612374482993004,-0.0963970499720888,0.4751919878331042,0.449388997984267,21.821181957478725,0.1167022161134668,4.144346668067006,0.437590290572857,0.2180101492135656,43.64236391495744,2.941340914394492,3.694289188926533,1
36,1.0,0.0,0.0,0.0,0.0,1.0,0.0,-3.2034265038149176e-16,0.0,1.0,1.0,1.0,1.0,0.0,0.0,0.0,1.0,1.0,-3.2034265038149176e-16,1.0,1.0,2.0,-3.2034265038149176e-16,0.0,0
37,258.2687284370093,11066.002183269373,-319.4853651792595,64.269044401151,38.96804806545734,0.2434356145330168,4.627442846890303,3.593773296176028,16.932018598969627,0.3456843504767256,0.2699247942972863,0.9296689000006622,0.8395286454619705,-0.2534168896484506,0.920350151619516,0.2325026080946364,15.870618789739751,0.017390224975248,6.524913323966617,0.6076120302176313,0.0696856258539344,31.74123757947951,4.549006787141646,25.80927311665209,0
38,1.0,0.0,0.0,0.0,0.0,1.0,0.0,-3.2034265038149176e-16,0.0,1.0,1.0,1.0,1.0,0.0,0.0,0.0,1.0,1.0,-3.2034265038149176e-16,1.0,1.0,2.0,-3.2034265038149176e-16,0.0,0
39,203.0972250194281,6779.8294529324285,-298.8571590874776,39.653341287648736,28.84707737008212,0.1597526404421079,3.9813628057711807,3.323517782468767,11.693613624856486,0.3469156290064423,0.2649669045496327,0.9301962179907788,0.8385601869373589,-0.2612321444500271,0.910877706263296,0.2654757491006682,14.154651780973,0.0236559935092532,5.989996508473256,0.709718841918093,0.0687038929699883,28.30930356194599,4.096982869238006,17.125104664432715,0
40,1.0,0.0,0.0,0.0,0.0,1.0,0.0,-3.2034265038149176e-16,0.0,1.0,1.0,1.0,1.0,0.0,0.0,0.0,1.0,1.0,-3.2034265038149176e-16,1.0,1.0,2.0,-3.2034265038149176e-16,0.0,1
41,770.5875371144272,33335.40156918024,-1045.541379463521,58.16050681064995,22.169521545739407,0.4056774113996731,2.5346987183894423,2.783684759560413,14.77486623526168,0.5179694972594421,0.4699746773717518,0.9872386154751326,0.9458964891801724,-0.1335360958471447,0.638898177666425,0.3925979825330798,27.59571964995145,0.0419601619869464,6.06896445545452,0.5594086501701288,0.1262007947787528,55.191439299902896,4.123058943379113,20.082507089097355,1
42,1.0,0.0,0.0,0.0,0.0,1.0,0.0,-3.2034265038149176e-16,0.0,1.0,1.0,1.0,1.0,0.0,0.0,0.0,1.0,1.0,-3.2034265038149176e-16,1.0,1.0,2.0,-3.2034265038149176e-16,0.0,1
43,647.7851513576899,2700.844004276724,-135.06584925426904,11.068532324147675,3.4480891246229386,0.4912704763027385,1.0105924311362904,1.8364588575516263,2.380894059454573,0.6599211823662137,0.6378997826542204,0.9964174285812762,0.9694727669801912,-0.1089131369101502,0.551307526940463,0.462341866304058,25.414057738728008,0.1087271930120484,4.200227490224768,0.5617887251279747,0.2464222203051583,50.828115477456016,2.9980021009371662,3.6291553621926536,1
44,1.0,0.0,0.0,0.0,0.0,1.0,0.0,-3.2034265038149176e-16,0.0,1.0,1.0,1.0,1.0,0.0,0.0,0.0,1.0,1.0,-3.2034265038149176e-16,1.0,1.0,2.0,-3.2034265038149176e-16,0.0,1
45,725.4475963966241,4515.289988488481,-205.9640752656773,15.780167735493718,5.564759164098623,0.4426435243533416,1.3298926769468316,2.116731248988497,3.679691404429908,0.6055632536753395,0.5730486990743621,0.9949362845566032,0.9628726682798155,-0.0940546188300887,0.5037044606706244,0.4594013960947483,26.88650500530838,0.0753456119895397,4.790246352760016,0.4834177886571117,0.1556047211287586,53.77301001061675,3.2936709381522897,5.336231724898084,1
46,1.0,0.0,0.0,0.0,0.0,1.0,0.0,-3.2034265038149176e-16,0.0,1.0,1.0,1.0,1.0,0.0,0.0,0.0,1.0,1.0,-3.2034265038149176e-16,1.0,1.0,2.0,-3.2034265038149176e-16,0.0,0
47,589.6887744807016,91356.96796378632,-1923.7402928734923,179.54170115512184,56.53735685367829,0.5243249433019002,5.476621301000744,3.8450508114528783,23.730679297703343,0.3094663765442042,0.2296089180441632,0.9600852272101468,0.8773405385515142,-0.181863867046698,0.8859461701731922,0.2161088402131832,23.640436744422995,0.0055943170909244,8.424721695557668,0.5896324402147841,0.0263910601512095,47.280873488846005,5.4249284312612565,59.01976450220002,0
48,1.0,0.0,0.0,0.0,0.0,1.0,0.0,-3.2034265038149176e-16,0.0,1.0,1.0,1.0,1.0,0.0,0.0,0.0,1.0,1.0,-3.2034265038149176e-16,1.0,1.0,2.0,-3.2034265038149176e-16,0.0,0
49,571.0643612575641,3163.9982622871057,-175.07453994279888,20.55189044163904,7.738300008285152,0.4465533200561048,1.6931763032160367,2.4711719820589275,4.77555045669538,0.5729372982217794,0.5309646928798937,0.9901209753560306,0.9458532710457784,-0.0994655648447258,0.6008169046604261,0.3948653354133601,23.829587818345946,0.0724588937083422,5.199902103496715,0.5141061160441127,0.1969143030373444,47.65917563669189,3.6034800267033846,7.072547612481047,0
50,1.0,0.0,0.0,0.0,0.0,1.0,0.0,-3.2034265038149176e-16,0.0,1.0,1.0,1.0,1.0,0.0,0.0,0.0,1.0,1.0,-3.2034265038149176e-16,1.0,1.0,2.0,-3.2034265038149176e-16,0.0,0
51,280.0044707638054,13311.96210379816,-506.598080877394,64.29125199953795,22.267062889887764,0.4853660944517003,3.2281905425157555,3.27275266234945,11.525268634795513,0.4319790943884609,0.3640804312227024,0.9666483240715504,0.893823689778677,-0.1210914251976682,0.7475807378126658,0.2898822032379068,16.415903813207844,0.0220954777177224,6.946042575198302,0.5828519354362514,0.0994487905085579,32.83180762641568,4.638913675123369,21.639578722356426,0
52,1.0,0.0,0.0,0.0,0.0,1.0,0.0,-3.2034265038149176e-16,0.0,1.0,1.0,1.0,1.0,0.0,0.0,0.0,1.0,1.0,-3.2034265038149176e-16,1.0,1.0,2.0,-3.2034265038149176e-16,0.0,0
53,61.53627165994296,244.7179004791374,-1.9462704962525703,9.01438953902522,4.379572999827899,0.3474083706456464,1.5474510495389455,2.2852182824524894,1.9454668590640112,0.5201813946211907,0.4642181427787982,0.9764317446090032,0.9012322551044047,-0.0629939308335293,0.5254428689264393,0.4384212809146487,7.770277009813821,0.0291323028455988,5.622133940747768,0.4030531275782993,0.0607172763866747,15.540554019627647,3.617278648907477,3.3484906347132792,0
54,1.0,0.0,0.0,0.0,0.0,1.0,0.0,-3.2034265038149176e-16,0.0,1.0,1.0,1.0,1.0,0.0,0.0,0.0,1.0,1.0,-3.2034265038149176e-16,1.0,1.0,2.0,-3.2034265038149176e-16,0.0,0
55,676.274307823523,107014.03655043454,-1660.995419574031,203.86146563753047,80.0281442062044,0.4286256493303697,6.723839789657829,4.096648365786331,31.06531526360044,0.2709445408670491,0.1917313352828986,0.9500569933503232,0.860457319922367,-0.1618682569744545,0.8705704291966619,0.183444870969864,25.397197948626225,0.0035977840711107,8.764806325375769,0.5809664436984028,0.0217747159593006,50.79439589725245,5.624503417471876,70.97240246093372,0
56,1.0,0.0,0.0,0.0,0.0,1.0,0.0,-3.2034265038149176e-16,0.0,1.0,1.0,1.0,1.0,0.0,0.0,0.0,1.0,1.0,-3.2034265038149176e-16,1.0,1.0,2.0,-3.2034265038149176e-16,0.0,1
57,803.4569251879167,31070.4235168728,-945.7998187723452,42.2783383281551,9.508742920361865,0.612569077757207,1.524505560812239,2.255967779020862,7.064345306842935,0.6446512180709448,0.6174053107140289,0.9916769272743988,0.9595076981007418,-0.1524147365886141,0.7020145578987937,0.3806200680084704,28.200107770151963,0.1085391836020062,4.703719795914186,0.6517867627855914,0.2167893981789473,56.400215540303925,3.440088013414464,12.946770312129242,1
58,1.0,0.0,0.0,0.0,0.0,1.0,0.0,-3.2034265038149176e-16,0.0,1.0,1.0,1.0,1.0,0.0,0.0,0.0,1.0,1.0,-3.2034265038149176e-16,1.0,1.0,2.0,-3.2034265038149176e-16,0.0,0
59,1198.7490613951554,287131.2485318153,-5590.031452659635,186.10567205748615,50.7580849574817,0.576228379629161,4.247364658351132,3.52675310854011,31.10764557059641,0.4291160138690845,0.3701777921168186,0.9748341284109266,0.91794108866329,-0.137329400669982,0.7743062116839335,0.3044517282232221,34.13066605788147,0.0245399478337224,7.280000973375953,0.6144524795966787,0.0938921722204354,68.26133211576293,4.889831958684652,59.21593925374197,0
60,1.0,0.0,0.0,0.0,0.0,1.0,0.0,-3.2034265038149176e-16,0.0,1.0,1.0,1.0,1.0,0.0,0.0,0.0,1.0,1.0,-3.2034265038149176e-16,1.0,1.0,2.0,-3.2034265038149176e-16,0.0,0
61,237.85166778891124,654.5337648787589,-47.156110872613766,6.034979306322598,2.4159100568083205,0.4143994284563494,0.8322931412907201,1.7243718426150638,1.710033288472714,0.7122464583671051,0.6943812592978325,0.9938648458504348,0.9615564837172444,-0.097808131734259,0.522195352736801,0.3972447053278446,15.393016424874896,0.1816935888800344,3.5684573951784246,0.4848754268211392,0.3670589944367014,30.7860328497498,2.6341828258583107,2.11272234078273,0
62,1.0,0.0,0.0,0.0,0.0,1.0,0.0,-3.2034265038149176e-16,0.0,1.0,1.0,1.0,1.0,0.0,0.0,0.0,1.0,1.0,-3.2034265038149176e-16,1.0,1.0,2.0,-3.2034265038149176e-16,0.0,1
63,604.2665167448041,193.93186357796256,-14.203081058252964,2.7673975966249973,1.2616608294295315,0.3667104029042862,0.6499876804585016,1.4549337472542108,0.8329897845110659,0.731633785731767,0.7205442519233796,0.999094662742266,0.9832734530389686,-0.0724005171497283,0.4319453485966147,0.4350685458872544,24.57416917831313,0.1876325384150383,3.2078110465664094,0.4490887479447646,0.3478810053145976,49.148338356626255,2.3723298896954947,1.007264606513632,1
64,1.0404260953396391,0.0850019949752369,0.0560659761617124,0.0431785572688617,0.0281970461784979,0.2164071271374179,0.0281970461784979,0.1835469397169326,0.0273488809433273,0.9859014769107508,0.9859014769107508,0.9943605907643004,0.9906009846071672,-0.1101635931188757,0.1387215858630219,0.0281970461784979,1.0181748728096294,0.9369633173329924,0.2481927179834094,0.2193611362709998,0.9677266041011215,2.0363497456192587,0.2199956718049118,0.0178439008618399,1
65,254.29368296221065,171.88940550939307,-12.689735796005252,3.0476426489135005,1.672805547881188,0.2726767015670318,0.8199183501068352,1.6371331251729562,0.9708009780395752,0.6774947425681815,0.6575990841713151,0.9963644992852888,0.9642363797224476,-0.0665041266398368,0.3505147998974048,0.4680129937968372,15.93579810971497,0.131860392796993,3.707482942118044,0.3400468970340623,0.2820146189141931,31.87159621942994,2.5724641204636844,1.1801120491986723,1
66,1.0,0.0,0.0,0.0,0.0,1.0,0.0,-3.2034265038149176e-16,0.0,1.0,1.0,1.0,1.0,0.0,0.0,0.0,1.0,1.0,-3.2034265038149176e-16,1.0,1.0,2.0,-3.2034265038149176e-16,0.0,0
67,509.72462281945656,30561.61680647478,-900.9646571858328,99.89951873872184,58.48625559770809,0.2604047349240196,5.241689378619229,3.748297515087885,28.910275171968067,0.3917968174218177,0.33066177053403,0.9404389148631256,0.8634250359630133,-0.1809185767192768,0.8417810411971568,0.2216868750594123,22.34461212217136,0.0378601150177667,6.65694183336374,0.5171856997567894,0.1678574530780753,44.689224244342725,4.675079174340683,39.59644358410749,0
68,1.0,0.0,0.0,0.0,0.0,1.0,0.0,-3.2034265038149176e-16,0.0,1.0,1.0,1.0,1.0,0.0,0.0,0.0,1.0,1.0,-3.2034265038149176e-16,1.0,1.0,2.0,-3.2034265038149176e-16,0.0,0
69,441.5263936065048,7344.3744497144835,-354.6937651319995,32.87604406025871,16.910551742781205,0.3031313523418731,2.3572209515055667,2.809113985667285,10.835382986641504,0.558974180268259,0.5137292758436811,0.9753759186856548,0.9227622654781314,-0.1093724304477869,0.5881168962538621,0.3149534587194905,20.916393155483146,0.0864685664431717,5.253363067445417,0.4121537938804592,0.2445463767293948,41.83278631096629,3.720245408761514,12.446648950759975,0
70,1.0,0.0,0.0,0.0,0.0,1.0,0.0,-3.2034265038149176e-16,0.0,1.0,1.0,1.0,1.0,0.0,0.0,0.0,1.0,1.0,-3.2034265038149176e-16,1.0,1.0,2.0,-3.2034265038149176e-16,0.0,0
71,431.3541017726345,15697.10176448382,-634.7055331774886,56.363282239418645,25.22923772542975,0.3695243382838885,3.177418332118341,3.192551117525699,14.599700958039596,0.4691686180585283,0.4129445585561963,0.966416736759581,0.9015082499950364,-0.1345808024765464,0.7376944854985703,0.3185764484127768,20.579247993846987,0.0411251118162259,6.177474676401348,0.4986752063545517,0.1290743493118104,41.15849598769398,4.254834573803469,20.398129991212095,0
72,1.0,0.0,0.0,0.0,0.0,1.0,0.0,-3.2034265038149176e-16,0.0,1.0,1.0,1.0,1.0,0.0,0.0,0.0,1.0,1.0,-3.2034265038149176e-16,1.0,1.0,2.0,-3.2034265038149176e-16,0.0,1
73,647.0376808894283,10661.308735126076,-413.83070101395685,23.91454829326373,5.877872002052038,0.5830628221292646,1.336626101512036,2.142070188410293,4.03082695141164,0.6142069379756929,0.583166257174672,0.9935966555865464,0.9594754150796592,-0.1178617762330684,0.6237178216525213,0.4487445309123936,25.347946651406595,0.0903797949429632,4.6761690324350464,0.6213446191129743,0.2067402958414877,50.69589330281319,3.2649031385797405,7.448105073828943,1
74,1.0,0.0,0.0,0.0,0.0,1.0,0.0,-3.2034265038149176e-16,0.0,1.0,1.0,1.0,1.0,0.0,0.0,0.0,1.0,1.0,-3.2034265038149176e-16,1.0,1.0,2.0,-3.2034265038149176e-16,0.0,1
75,303.2911689999785,3225.437690307881,-153.95965937816615,28.21180596907738,16.027502109667243,0.2653198676968873,2.8536503472344825,3.0169714151926894,7.099933289425625,0.4180990600188086,0.344590362518319,0.9730437646179176,0.8989410184906208,-0.0823332544269813,0.5322484828432138,0.326652535904929,17.32587382270443,0.0177434004564533,6.627552309642667,0.359500255960402,0.0508392513982806,34.65174764540886,4.21692229017947,11.05982701968616,1
76,1.0,0.0,0.0,0.0,0.0,1.0,0.0,-3.2034265038149176e-16,0.0,1.0,1.0,1.0,1.0,0.0,0.0,0.0,1.0,1.0,-3.2034265038149176e-16,1.0,1.0,2.0,-3.2034265038149176e-16,0.0,0
77,295.35830388509913,19399.515250007156,-400.4681375290029,90.83192754626826,51.26470735171982,0.2788207343765612,5.325416089826381,3.726285552772884,20.370388968949324,0.3192987957132587,0.2428667693812488,0.9287778209595948,0.8385501730544969,-0.2106788343976431,0.9000566356504323,0.2217047570816377,16.89146616545804,0.0105526258259345,7.316488203561722,0.5597103374399776,0.0486925148685849,33.78293233091608,4.921638115688533,35.52415872449703,0
78,1.0,0.0,0.0,0.0,0.0,1.0,0.0,-3.2034265038149176e-16,0.0,1.0,1.0,1.0,1.0,0.0,0.0,0.0,1.0,1.0,-3.2034265038149176e-16,1.0,1.0,2.0,-3.2034265038149176e-16,0.0,0
79,562.3124815628535,34226.54820939209,-1094.733719473359,86.61852753075085,39.593698365873465,0.3706348579712,4.186544268081499,3.524536015532151,20.73729844370126,0.4103671038692615,0.3475902157692715,0.9606686320036496,0.8890408037933889,-0.1519212343870493,0.7925221888582024,0.2777541424396544,23.462623686500244,0.0306914713143031,6.684155763666518,0.5012790557733187,0.1075564999794003,46.92524737300048,4.575518209013797,31.553056474156083,0
80,1.0,0.0,0.0,0.0,0.0,1.0,0.0,-3.2034265038149176e-16,0.0,1.0,1.0,1.0,1.0,0.0,0.0,0.0,1.0,1.0,-3.2034265038149176e-16,1.0,1.0,2.0,-3.2034265038149176e-16,0.0,0
81,490.86449387605376,73684.34640635572,-1091.596392213174,178.04310932437286,64.27824505460997,0.472408612373529,6.207109355364588,3.919333768289168,21.69857869250696,0.2542343640511596,0.1655199208213816,0.9494556066627666,0.8546844093815577,-0.1623266754070065,0.8685576184644277,0.1682725303503572,21.49960700321393,0.0030652012888339,8.751189486732915,0.5462265277876203,0.0119424607007757,42.99921400642786,5.567329024587705,60.58033859474569,0
82,1.0,0.0,0.0,0.0,0.0,1.0,0.0,-3.2034265038149176e-16,0.0,1.0,1.0,1.0,1.0,0.0,0.0,0.0,1.0,1.0,-3.2034265038149176e-16,1.0,1.0,2.0,-3.2034265038149176e-16,0.0,1
83,207.84689593782815,453.40305069245903,-29.894638599204917,8.647934570952613,3.973730347495564,0.3594439086946224,1.3555501242175236,2.147031917462738,1.99205363208009,0.5711666471789516,0.5271530034780467,0.9896702526911638,0.9377013165373058,-0.0921487249810084,0.4599959608029738,0.4422671106779038,14.3761431337032,0.0491631779362119,5.151472734603518,0.3810841825952081,0.0988298344158514,28.7522862674064,3.4481345584253598,3.1554162296120447,1
84,1.0,0.0,0.0,0.0,0.0,1.0,0.0,-3.2034265038149176e-16,0.0,1.0,1.0,1.0,1.0,0.0,0.0,0.0,1.0,1.0,-3.2034265038149176e-16,1.0,1.0,2.0,-3.2034265038149176e-16,0.0,1
85,629.1068432140137,1956.5234349630143,-107.81517198655531,10.476935556931712,5.253923964169842,0.298135295694603,1.2401801315383405,2.055186629117256,3.6363381987593,0.6304034309899611,0.603074893276355,0.9942825272605672,0.9622188792276354,-0.0732848909225227,0.4137082142198366,0.4538323048909725,25.055820031925467,0.1032204861622441,4.338583908074988,0.3734433040799861,0.188198792130113,50.11164006385093,3.012563761614411,3.932714880275389,1
86,1.0433921628528844,0.1183480258178217,0.0709555985352391,0.0486286355649016,0.0236062241512681,0.3529431805676902,0.0236062241512681,0.160151785994435,0.0230182315054789,0.988196887924366,0.988196887924366,0.9952787551697462,0.992131258616244,-0.1873649461462408,0.2102699411759752,0.0236062241512681,1.0183984249761728,0.940864338636436,0.2404416690666801,0.3529431805675709,0.9697984629481932,2.0367968499523457,0.2168354449154123,0.0180587149290424,1
87,267.799408440294,574.9773812801012,-38.40818841201106,5.810370900781615,1.9956954522256087,0.4685343074875327,0.9239501179596254,1.7254140554878918,1.1089130991724554,0.645998646166684,0.6212810098484722,0.995267764006224,0.9580489156440682,-0.0922193050190042,0.5031212539700362,0.4886791772074688,16.335366539865213,0.0925267278859992,4.190147952919341,0.5286809142784155,0.1826122872214324,32.670733079730425,2.931865302361393,1.9515165882518064,1
88,1.0919933899145489,0.2389511250696614,0.1430198834379888,0.1010100626474496,0.0471146641026036,0.367475374467722,0.0471146641026036,0.2721284249434457,0.0447822280543656,0.9764426679486982,0.9764426679486982,0.9905770671794792,0.9842951119657988,-0.1776135028904218,0.2708544595579314,0.0471146641026036,1.0385169073219502,0.8811554085706077,0.4295298087850033,0.3674753744676957,0.937925760626748,2.0770338146439005,0.3824151446824,0.0370311816875133,1
89,623.4955198530904,10922.364956902156,-404.8916561942453,20.055716172924274,4.968561995706663,0.5755579076156646,1.0166798301503144,1.787598572117491,3.880348305400128,0.6957852556336009,0.6797816224224408,0.9944120020092212,0.9685060723084484,-0.1465681433392573,0.639404224324876,0.4266630732179889,24.894140816468543,0.153569988035833,3.7068459483948817,0.661339996873935,0.2344257689088439,49.788281632937085,2.76465411585811,6.256069542157732,1
90,1.0,0.0,0.0,0.0,0.0,1.0,0.0,-3.2034265038149176e-16,0.0,1.0,1.0,1.0,1.0,0.0,0.0,0.0,1.0,1.0,-3.2034265038149176e-16,1.0,1.0,2.0,-3.2034265038149176e-16,0.0,1
91,355.7584739658479,1762.8429861575137,-102.8248024211196,11.598324527895096,5.588124051789047,0.327569263038988,1.3846955848233864,2.1938529038712438,3.493855887759912,0.6031223210123761,0.5674334496586363,0.9896464815522106,0.9460325458699504,-0.1005112172380901,0.4797992321367882,0.4275338402254552,18.821492350952283,0.0861703713865992,4.677026063549009,0.4808089478003849,0.164088423399692,37.64298470190457,3.2018222007321526,4.296612144921036,1
92,1.0,0.0,0.0,0.0,0.0,1.0,0.0,-3.2034265038149176e-16,0.0,1.0,1.0,1.0,1.0,0.0,0.0,0.0,1.0,1.0,-3.2034265038149176e-16,1.0,1.0,2.0,-3.2034265038149176e-16,0.0,1
93,408.9802031917712,5689.109214613765,-286.23702020516697,30.287649305395423,15.341464411101343,0.2990769446090079,2.3635627208725087,2.7795234017630035,8.983705087720942,0.5224416161695651,0.4731091541356556,0.9770939766006648,0.9210132974131984,-0.1143276279741824,0.5519092339677628,0.3628972414610087,20.12949056698124,0.0525649338734146,5.671548634445099,0.3990342076708097,0.1623149225559876,40.25898113396248,3.860861714462815,11.407278429124192,1
94,1.0038892819153575,0.0056788481709362,0.0045587123835086,0.0040181591784609,0.0034604467121653,0.0751895969298972,0.0034604467121653,0.0332012055133158,0.003448155212593,0.9982697766439176,0.9982697766439176,0.999307910657567,0.9988465177626114,-0.0484419007297248,0.0232605303879455,0.0034604467121653,1.0018731684238131,0.9928125418420936,0.0383903189142123,0.0780837088634159,0.9963966082201038,2.0037463368476267,0.0349298722020473,0.0018696514726565,1
95,267.766359891285,1079.0732549973425,-65.58328580452256,7.622879299280698,2.8318491885297874,0.4437374203258367,0.952091923678096,1.811752453380691,1.9005603651949368,0.6721097192994804,0.6508769710633413,0.9960320986625206,0.9668910887265056,-0.0902629919335766,0.5112436535469782,0.4466466442414001,16.32686650216944,0.1248912993511399,3.98997395273053,0.4974731001444381,0.2490100831785935,32.65373300433888,2.850372640205929,2.613682121952623,1
96,1.0,0.0,0.0,0.0,0.0,1.0,0.0,-3.2034265038149176e-16,0.0,1.0,1.0,1.0,1.0,0.0,0.0,0.0,1.0,1.0,-3.2034265038149176e-16,1.0,1.0,2.0,-3.2034265038149176e-16,0.0,1
97,127.58244691249271,35.00091955951912,-4.095980627434936,2.056567019517048,0.967233946283753,0.3575938635137989,0.6213132124349432,1.411601776243251,0.5704995457427777,0.7321619350578851,0.7208320023948956,0.9952365714959754,0.9599072658741086,-0.0818975879404904,0.4390610591140023,0.4372381381873774,11.283172207526976,0.1625154802148488,3.2476811117257323,0.3871897251123284,0.2541452319506874,22.56634441505395,2.403442250390053,0.7559502414502004,1
98,1.0,0.0,0.0,0.0,0.0,1.0,0.0,-3.2034265038149176e-16,0.0,1.0,1.0,1.0,1.0,0.0,0.0,0.0,1.0,1.0,-3.2034265038149176e-16,1.0,1.0,2.0,-3.2034265038149176e-16,0.0,1
99,199.8343755293887,1041.438008383024,-56.19543138862839,14.60772243346426,6.346408437731284,0.3895110832751399,1.7333853792045717,2.4504128753896697,3.181973318169377,0.5184646867218416,0.4627867711509125,0.9839386692764158,0.922651059288309,-0.0912647067612827,0.575850931750288,0.4125376993102687,14.062759414516725,0.0283356941600558,5.864905890068474,0.4683979677398824,0.0663432671176634,28.125518829033453,3.860329458902669,5.238532717798886,1
100,1.0,0.0,0.0,0.0,0.0,1.0,0.0,-3.2034265038149176e-16,0.0,1.0,1.0,1.0,1.0,0.0,0.0,0.0,1.0,1.0,-3.2034265038149176e-16,1.0,1.0,2.0,-3.2034265038149176e-16,0.0,1
101,169.65703319587203,209.82627136338635,-16.522344460024133,4.034962282352851,1.907672635504941,0.3431149434246903,0.9445716828992814,1.760732876598388,0.9920237556146853,0.6376566656143959,0.6106112741029986,0.993678052461197,0.9500844798584164,-0.0624441924571305,0.4005646089246537,0.4868888598640482,13.004771821101578,0.097120271946706,4.109952816543317,0.4192008258037382,0.206397667825603,26.009543642203155,2.7978949742424097,1.485658729464448,1
102,1.0,0.0,0.0,0.0,0.0,1.0,0.0,-3.2034265038149176e-16,0.0,1.0,1.0,1.0,1.0,0.0,0.0,0.0,1.0,1.0,-3.2034265038149176e-16,1.0,1.0,2.0,-3.2034265038149176e-16,0.0,1
103,372.546483178398,1355.8094988505936,-79.27572773153165,8.781216474407351,2.9404968547282926,0.4739197863113794,1.0393139141997847,1.9004533415066729,1.816860709510916,0.641632160990443,0.613660703440675,0.9943339154504444,0.9577642035463728,-0.1048198132819962,0.5583656552703555,0.4540712028980547,19.263462207378915,0.1003488577581272,4.319033740166544,0.5365924135329626,0.2379820596664638,38.52692441475782,3.0335059496925942,2.9304283322839115,1
104,1.0,0.0,0.0,0.0,0.0,1.0,0.0,-3.2034265038149176e-16,0.0,1.0,1.0,1.0,1.0,0.0,0.0,0.0,1.0,1.0,-3.2034265038149176e-16,1.0,1.0,2.0,-3.2034265038149176e-16,0.0,1
105,854.3112892112615,45123.01762467918,-1376.2581502390078,75.69142823505157,30.77364368492088,0.3809760837752707,3.125081458759785,3.0466956884224112,19.359913637981887,0.5011616753862966,0.4529599025158697,0.9776372760218404,0.9271336351140764,-0.1408559019787311,0.6605126700283132,0.3501236267627534,29.03364522634841,0.0495498681449659,6.05508873734588,0.4881456954439132,0.1513593045535652,58.06729045269681,4.188683014932793,26.61626797999311,1
106,1.0,0.0,0.0,0.0,0.0,1.0,0.0,-3.2034265038149176e-16,0.0,1.0,1.0,1.0,1.0,0.0,0.0,0.0,1.0,1.0,-3.2034265038149176e-16,1.0,1.0,2.0,-3.2034265038149176e-16,0.0,1
107,510.8304213600476,15316.223863337893,-607.6818423459898,50.19818345089261,19.146254209544736,0.4193465544470962,2.6782500290156053,2.9311537300064625,10.972533198323324,0.4855946459342594,0.4302856367341341,0.9788933882809262,0.9223699282189832,-0.1336138534103624,0.6577307642653429,0.3622590247256879,22.427350914107304,0.034077162917455,6.302649742846207,0.5052276614653857,0.1013855323419766,44.85470182821461,4.253270951475563,17.336109415109323,1
108,1.0,0.0,0.0,0.0,0.0,1.0,0.0,-3.2034265038149176e-16,0.0,1.0,1.0,1.0,1.0,0.0,0.0,0.0,1.0,1.0,-3.2034265038149176e-16,1.0,1.0,2.0,-3.2034265038149176e-16,0.0,1
109,503.0712158833029,60094.95987229802,-1228.7271449978707,148.46090744962555,80.85998134948673,0.2862701247487457,6.185343330839643,3.679189172588228,33.27926420352107,0.3135190286472037,0.2371161360032398,0.9413203380433004,0.8625028904532713,-0.217074503043869,0.8900870946474592,0.2233170633632559,22.041127763677597,0.0055349624881671,8.117009857017182,0.612280160652579,0.0162482563249263,44.0822555273552,5.288863824470539,57.330222199778056,1
110,1.0,0.0,0.0,0.0,0.0,1.0,0.0,-3.2034265038149176e-16,0.0,1.0,1.0,1.0,1.0,0.0,0.0,0.0,1.0,1.0,-3.2034265038149176e-16,1.0,1.0,2.0,-3.2034265038149176e-16,0.0,1
111,75.45186261984654,7.370767352589581,-1.1346313297115205,0.7986078357417404,0.4612252818953685,0.2657687442656569,0.3951815605405419,1.059515370740851,0.3035035783120607,0.8104271724018355,0.8083544484707118,0.9968696045232086,0.9699308393951284,-0.053287018840824,0.3128304402366593,0.3610554812836382,8.68144416290121,0.3088807500826058,2.161625501032624,0.3490449435118233,0.4866488062153957,17.362888325802416,1.7079798690824122,0.3149582794092772,1
112,1.4298090663642544,0.6143030218375464,0.3656482880485157,0.3812408547053491,0.2002169146916263,0.3176551437746897,0.2002169146916263,0.7074848389663582,0.1570974382362778,0.8998915426541867,0.8998915426541867,0.9599566170616748,0.9332610284361246,-0.1144450939657012,0.3279516703351589,0.2002169146916263,1.1766391745700229,0.5521736770652345,1.269790862067259,0.317655143774689,0.7232523680841643,2.3532783491400453,1.0695739473756327,0.1453644423492438,1
113,753.9995237204645,874.1738406417488,-49.01505411327896,6.199556075978711,2.5279156911333214,0.40080516029405,0.9262742620844212,1.7889175895834273,1.6237753317091803,0.6712420054666002,0.648472178225226,0.9981097234528218,0.975988262740054,-0.0964060706472605,0.4742946656016824,0.4422828225523733,27.442299581086505,0.1288275417497403,3.984725921116744,0.535323765988412,0.2727559719339844,54.88459916217301,2.797824454496438,2.181867941778008,1
114,1.0,0.0,0.0,0.0,0.0,1.0,0.0,-3.2034265038149176e-16,0.0,1.0,1.0,1.0,1.0,0.0,0.0,0.0,1.0,1.0,-3.2034265038149176e-16,1.0,1.0,2.0,-3.2034265038149176e-16,0.0,1
115,669.5159072450479,28161.60122674628,-936.035213600697,67.0989138198931,20.6928543410768,0.5156989059664484,2.883921338158117,3.0662449978726154,11.50750131356432,0.461716011517827,0.3998676245176775,0.9838708485249552,0.9290157804797664,-0.1351745254049048,0.687982463772602,0.3343838876123574,25.64824022583916,0.0247739917878655,6.808629933196834,0.5914132672126828,0.078901283255925,51.29648045167831,4.515170362855305,21.94794204024248,1
116,1.0,0.0,0.0,0.0,0.0,1.0,0.0,-3.2034265038149176e-16,0.0,1.0,1.0,1.0,1.0,0.0,0.0,0.0,1.0,1.0,-3.2034265038149176e-16,1.0,1.0,2.0,-3.2034265038149176e-16,0.0,1
117,255.2846648535173,410.4076086230929,-25.50463714345733,6.65690210058943,3.3489144713610064,0.3187789437300645,1.1645497410237011,1.979078206349656,1.868678649276003,0.612232699541254,0.57768091800691,0.9944892238508736,0.956368389443509,-0.1032731466261722,0.4608628869181424,0.4517024538888368,15.9516903827617,0.0699553126960376,4.684612833722308,0.3914739617772189,0.1468129726045698,31.903380765523405,3.187459663817476,2.501454142987609,1
118,1.0,0.0,0.0,0.0,0.0,1.0,0.0,-3.2034265038149176e-16,0.0,1.0,1.0,1.0,1.0,0.0,0.0,0.0,1.0,1.0,-3.2034265038149176e-16,1.0,1.0,2.0,-3.2034265038149176e-16,0.0,1
119,1164.5398417849008,1102801.208539534,-17000.388349405195,587.2567791135625,68.56191557166747,0.7960153329841888,5.308027017022819,3.802803181123331,36.433297146353695,0.3566399633778152,0.2858477367277449,0.9743166572252518,0.9112785595370636,-0.1862965841069494,0.8784816211742492,0.2627860522286667,32.168670578353634,0.0058953673062584,8.8814456960342,0.8110790726324171,0.0301250745685579,64.33734115670724,5.87165346432854,163.95467367130763,1
